 name	 vol(cu.um)	 len(um)	 <r>_vl(um)	 <r>_obs(um)	 par	 num_child	 children...
0.01	160.013	28.975	1.32584	1.80857	N/A	2	1.01	2.01
1.01	27.5596	7.26995	1.09849	1.32853	0.01	2	3.01	4.01
3.01	39.8223	17.1756	0.859077	1.03234	1.01	0
4.01	9.97993	7.90239	0.63403	0.814011	1.01	2	6.01	7.01
6.01	4.07131	3.33456	0.623408	0.607866	4.01	1	5.01
5.01	5.12219	5.67447	0.536032	0.532372	6.01	0
7.01	2.33143	0.824	0.949015	0.862888	4.01	2	8.01	9.01
8.01	1.03001	0.824	0.630785	0.497636	7.01	0
9.01	176.952	34.1405	1.28445	1.481	7.01	2	10.01	11.01
10.01	199.097	35.1164	1.34339	1.40413	9.01	2	12.01	13.01
12.01	63.4707	10.0065	1.42092	1.64474	10.01	0
13.01	659.552	63.7278	1.81504	2.70291	10.01	2	16.01	17.01
16.01	195.339	43.8918	1.19022	1.29486	13.01	0
17.01	186.904	44.6059	1.15489	1.23126	13.01	0
11.01	77.6263	8.01398	1.75592	1.93568	9.01	2	14.01	15.01
14.01	235.343	42.2207	1.33202	1.671	11.01	2	18.01	19.01
18.01	551.179	98.6044	1.3339	1.65152	14.01	2	20.01	21.01
20.01	7.65545	4.80029	0.712487	0.702613	18.01	0
21.01	56.372	12.1135	1.21709	1.47096	18.01	2	24.01	25.01
24.01	33.2386	5.32154	1.41003	1.52015	21.01	2	28.01	29.01
28.01	42.5504	9.5802	1.18902	1.15957	24.01	0
29.01	315.015	62.99	1.2617	1.39989	24.01	0
25.01	102.889	30.471	1.03673	1.23812	21.01	0
19.01	157.076	18.9738	1.62332	1.69798	14.01	2	22.01	23.01
22.01	6.50018	6.13625	0.580679	0.588387	19.01	0
23.01	12.4213	3.56429	1.05323	1.06294	19.01	2	26.01	27.01
26.01	128.097	20.4213	1.41303	1.57419	23.01	2	30.01	31.01
30.01	8.1983	1.9986	1.14268	1.06132	26.01	0
31.01	31.109	10.6161	0.965795	1.03682	26.01	2	34.01	35.01
34.01	1.96258	4.15856	0.387585	0.346113	31.01	0
35.01	39.0846	20.3692	0.781521	1.00868	31.01	0
27.01	0.868546	0.219333	1.12271	1.05683	23.01	2	32.01	33.01
32.01	9.77114	5.62195	0.743797	0.877105	27.01	0
33.01	7.90878	5.04163	0.706634	0.776261	27.01	0
15.01	29.8841	5.68375	1.29368	1.72164	11.01	0
2.01	51.7091	12.1818	1.16239	1.31113	0.01	0
17.02	159.414	23.6224	1.46564	1.62282	N/A	2	16.02	13.02
16.02	5.35882	0.994656	1.30955	1.36925	17.02	2	20.02	21.02
20.02	3.81381	2.21903	0.739643	0.86087	16.02	0
21.02	114.359	25.6206	1.19197	1.77147	16.02	2	22.02	23.02
22.02	121.541	36.5445	1.0289	1.1214	21.02	0
23.02	15.4223	4.81191	1.01004	1.07222	21.02	2	24.02	25.02
24.02	10.9682	5.55594	0.792709	0.724779	23.02	0
25.02	72.7964	19.8187	1.08129	1.25692	23.02	0
13.02	321.362	35.6149	1.69475	1.80352	17.02	2	12.02	9.02
12.02	182.603	31.5294	1.35776	1.47268	13.02	0
9.02	132.954	20.465	1.43804	1.56708	13.02	2	5.02	8.02
5.02	64.5564	8.8091	1.52732	1.64304	9.02	2	2.02	6.02
2.02	111.728	12.8854	1.66134	1.87819	5.02	2	0.02	1.02
0.02	74.7451	22.5678	1.02677	1.01274	2.02	0
1.02	89.0538	11.3652	1.5793	1.69454	2.02	2	3.02	4.02
3.02	32.5426	4.92116	1.45083	1.56925	1.02	1	7.02
7.02	262.067	74.1593	1.06059	1.17338	3.02	0
4.02	85.1008	19.5201	1.17801	1.21058	1.02	0
6.02	212.126	45.4978	1.21822	1.41744	5.02	2	10.02	11.02
10.02	23.2169	2.98397	1.57373	1.5755	6.02	0
11.02	18.5958	1.98931	1.72497	1.84372	6.02	2	14.02	15.02
14.02	189.911	42.0665	1.19876	1.3296	11.02	2	18.02	19.02
18.02	13.3622	6.3371	0.819256	0.906902	14.02	0
19.02	125.271	28.4902	1.18305	1.48748	14.02	0
15.02	411.223	90.2879	1.20406	1.51305	11.02	0
8.02	21.2126	3.25145	1.44106	1.65689	9.02	0
16.03	474.944	50.358	1.73265	1.86763	N/A	2	15.03	17.03
15.03	244.788	40.5511	1.38618	1.5333	16.03	2	14.03	12.03
14.03	4.90506	2.40131	0.806349	0.845121	15.03	0
12.03	113.885	20.9611	1.31508	1.5153	15.03	2	13.03	9.03
13.03	86.0195	32.1789	0.922439	0.966011	12.03	0
9.03	64.9461	12.5826	1.28179	1.47416	12.03	2	5.03	8.03
5.03	41.4926	11.0049	1.09551	1.14473	9.03	2	2.03	3.03
2.03	7.91992	2.04604	1.11001	1.51208	5.03	2	1.03	0.03
1.03	26.1817	8.61754	0.983404	1.05391	2.03	1	4.03
4.03	40.756	17.5675	0.859342	1.06284	1.03	2	6.03	7.03
6.03	6.01301	8.78392	0.466796	0.454138	4.03	2	10.03	11.03
10.03	3.2988	3.68516	0.533796	0.569537	6.03	0
11.03	42.8009	16.2199	0.916489	1.42454	6.03	0
7.03	2.17137	4.20835	0.405262	0.354398	4.03	0
0.03	188.074	36.6919	1.27733	1.42469	2.03	0
3.03	23.3688	8.99601	0.909324	1.08865	5.03	0
8.03	187.517	34.8844	1.30807	1.42931	9.03	0
17.03	323.575	52.7496	1.39734	1.49609	16.03	2	18.03	19.03
18.03	2.21312	2.15997	0.571089	0.608878	17.03	0
19.03	73.2001	22.4883	1.01789	1.0214	17.03	2	20.03	21.03
20.03	119.342	31.0146	1.10672	1.20064	19.03	0
21.03	0.918655	0.412	0.842466	0.665119	19.03	0
8.04	32.306	10.3041	0.998991	1.6083	N/A	2	7.04	4.04
7.04	12.6385	4.39757	0.956458	1.53106	8.04	0
4.04	89.5967	12.7325	1.49663	1.86122	8.04	2	1.04	3.04
1.04	57.9587	19.0533	0.984011	1.17364	4.04	2	0.04	2.04
0.04	11.5667	6.39576	0.758723	0.759598	1.04	0
2.04	39.6692	11.5382	1.04612	1.32913	1.04	0
3.04	151.578	17.6722	1.65234	2.05588	4.04	2	5.04	6.04
5.04	9.14479	9.49172	0.553783	0.557218	3.04	2	9.04	10.04
9.04	3.78597	3.39363	0.595911	0.623876	5.04	0
10.04	5.09436	3.45503	0.685084	0.631405	5.04	2	11.04	12.04
11.04	3.66627	1.648	0.841508	1.01454	10.04	2	13.04	14.04
13.04	1.87907	2.57891	0.48159	0.529803	11.04	0
14.04	37.7901	13.5197	0.943257	1.45355	11.04	2	17.04	15.04
17.04	3.71638	2.28972	0.718776	0.622005	14.04	0
15.04	7.40491	2.15997	1.04463	1.15838	14.04	1	16.04
16.04	3.53543	2.39897	0.68491	0.846271	15.04	0
12.04	10.9069	6.80817	0.714104	0.680431	10.04	0
6.04	24.1077	17.2377	0.667211	0.915545	3.04	0
8.05	167.947	14.39	1.92744	2.04588	N/A	2	4.05	7.05
4.05	80.953	26.3678	0.988563	1.08417	8.05	2	3.05	1.05
3.05	208.493	51.6233	1.13383	1.24624	4.05	2	5.05	6.05
5.05	5.13611	2.18745	0.864517	0.776	3.05	0
6.05	116.878	29.4914	1.12317	1.19571	3.05	0
1.05	247.017	69.9343	1.06034	1.12431	4.05	2	0.05	2.05
0.05	41.423	18.4502	0.845367	0.837319	1.05	0
2.05	1.97998	1.71638	0.605967	0.607949	1.05	0
7.05	17.3431	4.27903	1.13584	1.20999	8.05	2	9.05	10.05
9.05	8.421	3.91722	0.827214	0.892537	7.05	0
10.05	129.057	32.611	1.12236	1.27403	7.05	2	11.05	12.05
11.05	12.7916	2.8226	1.20105	1.42521	10.05	0
12.05	47.2411	9.2616	1.27421	1.482	10.05	2	13.05	14.05
13.05	20.0016	7.8526	0.900432	1.01178	12.05	2	15.05	16.05
15.05	2.63904	4.32688	0.440617	0.442309	13.05	0
16.05	20.4943	14.3669	0.673845	0.732688	13.05	0
14.05	5.97125	1.93719	0.990539	0.95168	12.05	0
2.06	146.776	27.1681	1.31136	1.39839	N/A	2	1.06	0.06
1.06	38.2077	11.708	1.0192	1.27205	2.06	2	3.06	4.06
3.06	3.09002	4.57056	0.463896	0.408212	1.06	2	5.06	6.06
5.06	7.21005	7.56341	0.550852	0.545662	3.06	2	7.06	8.06
7.06	5.70679	4.86864	0.610826	0.547934	5.06	0
8.06	2.17137	0.824	0.915857	0.8333	5.06	2	9.06	10.06
9.06	1.53109	1.1746	0.644142	0.713606	8.06	0
10.06	10.9821	6.09769	0.757155	0.725967	8.06	0
6.06	0.626355	0.762596	0.511315	0.451578	3.06	0
4.06	7.14045	3.57591	0.79725	0.817133	1.06	0
0.06	89.0677	25.3788	1.05694	1.16002	2.06	0
7.07	157.939	14.8789	1.83817	2.0914	N/A	2	6.07	8.07
6.07	12.6802	1.40666	1.69393	1.93418	7.07	2	5.07	3.07
5.07	9.7962	7.74142	0.634664	0.488487	6.07	0
3.07	33.645	12.132	0.939547	1.00818	6.07	2	2.07	4.07
2.07	11.9676	1.80703	1.45193	2.73647	3.07	2	1.07	0.07
1.07	6.90661	4.92076	0.668408	0.820609	2.07	0
0.07	75.3297	22.8597	1.02417	1.24604	2.07	0
4.07	6.83423	4.79795	0.673352	0.652869	3.07	0
8.07	9.60412	3.39597	0.948794	0.94095	7.07	0
8.08	317.395	58.6295	1.31271	1.61559	N/A	2	6.08	7.08
6.08	9.39533	3.73728	0.894547	0.88755	8.08	2	5.08	3.08
5.08	3.32664	3.04303	0.589895	0.666153	6.08	0
3.08	16.9812	4.14928	1.14136	1.48637	6.08	2	2.08	4.08
2.08	72.1784	15.801	1.20583	1.63049	3.08	2	0.08	1.08
0.08	13.9157	6.03629	0.856629	0.88046	2.08	0
1.08	5.85484	2.81097	0.814243	0.81157	2.08	0
4.08	3.74421	1.1746	1.00731	1.028	3.08	0
7.08	4.50976	2.40131	0.773174	0.697288	8.08	0
5.09	531.65	85.7273	1.40501	1.97184	N/A	2	2.09	6.09
2.09	252.268	34.6671	1.52194	1.7534	5.09	2	0.09	1.09
0.09	65.2941	14.1214	1.21318	1.3866	2.09	0
1.09	8.50451	1.236	1.47993	2.49426	2.09	2	3.09	4.09
3.09	1.6842	0.219333	1.5634	0	1.09	2	7.09	8.09
7.09	60.4642	21.1476	0.953989	1.07347	3.09	0
8.09	33.6979	11.8358	0.951978	0.938648	3.09	0
4.09	106.063	15.9786	1.45358	1.59867	1.09	0
6.09	151.662	33.5285	1.19993	1.27871	5.09	0
1.1	12.9168	5.84513	0.838699	0.836723	N/A	2	0.1	2.1
0.1	13.7659	10.9482	0.63264	0.609184	1.1	0
2.1	50.4842	7.10163	1.50426	1.69907	1.1	2	3.1	4.1
3.1	72.9913	14.0605	1.28547	1.3199	2.1	2	5.1	6.1
5.1	20.7115	11.3173	0.763236	0.809733	3.1	0
6.1	8.43492	5.80656	0.679995	0.653427	3.1	0
4.1	91.5732	27.7443	1.025	1.08038	2.1	1	7.1
7.1	2.38015	4.39757	0.41507	0.562911	4.1	0
5.11	17.5797	10.152	0.742428	0.879393	N/A	2	6.11	4.11
6.11	22.3122	12.544	0.752449	0.838804	5.11	0
4.11	57.7472	10.3153	1.3349	1.41997	5.11	2	2.11	3.11
2.11	114.985	24.1042	1.23225	1.34129	4.11	2	0.11	1.11
0.11	12.2348	14.3241	0.521422	0.53689	2.11	0
1.11	2.17137	3.91722	0.420052	0.347102	2.11	0
3.11	3.80267	1.81866	0.81582	0.727967	4.11	0
6.12	39.0428	7.98042	1.24791	1.4361	N/A	2	4.12	5.12
4.12	17.3152	3.75351	1.21177	1.38989	6.12	2	3.12	1.12
3.12	16.3688	5.44435	0.978273	1.04079	4.12	0
1.12	156.171	19.9681	1.57782	1.75841	4.12	2	0.12	2.12
0.12	52.6139	13.7874	1.10213	1.36582	1.12	0
2.12	31.3178	10.584	0.9705	1.07003	1.12	0
5.12	192.347	46.928	1.14222	1.28673	6.12	0
3.13	187.698	26.3329	1.50628	1.81273	N/A	2	2.13	4.13
2.13	253.549	39.3526	1.43208	1.69196	3.13	2	0.13	1.13
0.13	211.527	38.3898	1.32434	1.45417	2.13	0
1.13	102.945	14.9975	1.47815	1.6999	2.13	0
4.13	164.022	36.5649	1.19493	1.36484	3.13	0
3.14	186.904	26.5148	1.49793	1.57561	N/A	2	2.14	4.14
2.14	2.83948	3.16157	0.534679	0.505362	3.14	2	0.14	1.14
0.14	5.26139	5.38989	0.557423	0.556019	2.14	0
1.14	1.25271	1.40666	0.532423	0.426604	2.14	0
4.14	9.35357	6.91935	0.655966	0.690767	3.14	0
4.15	198.738	36.8896	1.30953	1.43671	N/A	2	3.15	1.15
3.15	1.74544	1.75725	0.562291	0.560602	4.15	0
1.15	105.094	19.6542	1.30463	1.40658	4.15	2	0.15	2.15
0.15	84.3492	32.3063	0.911636	1.08522	1.15	0
2.15	131.702	33.3936	1.12044	1.35549	1.15	0
2.16	395.648	57.1588	1.48436	1.59598	N/A	2	0.16	1.16
0.16	82.1778	30.851	0.920805	0.943975	2.16	0
1.16	210.038	31.5908	1.45477	3.4116	2.16	2	3.16	4.16
3.16	2.2688	4.91882	0.383171	0.323212	1.16	0
4.16	34.0181	12.797	0.919867	1.07469	1.16	0
1.17	6.34707	2.57197	0.886296	1.0238	N/A	2	0.17	2.17
0.17	26.3487	14.6989	0.755373	0.98211	1.17	0
2.17	122.251	44.4124	0.936048	1.07302	1.17	2	3.17	4.17
3.17	5.09436	3.57591	0.673405	0.578923	2.17	0
4.17	57.8474	29.4262	0.791042	0.861359	2.17	0
2.18	86.27	26.5269	1.01745	1.26676	N/A	2	1.18	0.18
1.18	95.5957	19.1677	1.25997	1.50255	2.18	2	3.18	4.18
3.18	17.8024	12.9677	0.661049	0.727224	1.18	0
4.18	8.89425	2.99982	0.971475	1.14625	1.18	0
0.18	2.72813	1.236	0.838201	0.711699	2.18	0
2.19	122.265	18.4896	1.45081	1.62842	N/A	2	1.19	0.19
1.19	2.04609	2.33991	0.52758	0.367257	2.19	0
0.19	92.1578	32.8859	0.944466	1.00194	2.19	0
0.2	360.781	56.2865	1.42838	1.88869	N/A	0
